{"cameraMode":{"drawMode":0,"name":"Shaded","section":"Shading Mode"},"sceneLighting":true,"audioPlay":false,"sceneViewState":{"m_AlwaysRefresh":false,"showFog":true,"showSkybox":true,"showFlares":true,"showImageEffects":true,"showParticleSystems":true,"showVisualEffectGraphs":true,"m_FxEnabled":true},"in2DMode":false,"pivot":{"x":0.010111954063177109,"y":1.2762751579284669,"z":-0.06465983390808106},"rotation":{"x":0.4607160985469818,"y":-0.004264628980308771,"z":0.0022028221283107998,"w":0.8875519633293152},"size":6.383931636810303,"orthographic":true}