{"cameraMode":{"drawMode":0,"name":"Shaded","section":"Shading Mode"},"sceneLighting":true,"audioPlay":false,"sceneViewState":{"m_AlwaysRefresh":false,"showFog":true,"showSkybox":true,"showFlares":true,"showImageEffects":true,"showParticleSystems":true,"showVisualEffectGraphs":true,"m_FxEnabled":true},"in2DMode":false,"pivot":{"x":-0.02213960886001587,"y":-0.5683863162994385,"z":1.0124013423919678},"rotation":{"x":0.31232133507728579,"y":-0.04500838369131088,"z":0.014806094579398632,"w":0.9488112926483154},"size":6.010609149932861,"orthographic":false}